c,a,d,C-IonicRadius,C-ElectroNegativity,A-IonicRadius,A-ElectroNegativity,D-IonicRadius,D-ElectroNegativity,FormEnergyPerAtom
Gd3+,Sc3+,Al3+,1.075,1.2,0.885,1.36,0.675,1.61,-0.04848022484375072
Ca2+,Sc3+,Ti4+,1.14,1.0,0.885,1.36,0.745,1.54,-0.14099705468750018
Cd2+,Cr3+,Ge4+,1.09,1.69,0.755,1.66,0.67,2.01,-0.0877238943750001
Mg2+,Al3+,Ge4+,0.86,1.31,0.675,1.61,0.67,2.01,-0.037325197624999265
Cd2+,Tm3+,Ti4+,1.09,1.69,1.02,1.25,0.745,1.54,0.004684076937500237
Eu3+,In3+,Al3+,1.087,1.2,0.94,1.78,0.675,1.61,-0.007905248640625473
Sr2+,In3+,Ti4+,1.32,0.95,0.94,1.78,0.745,1.54,-0.18339184168750008
Sm3+,Al3+,Al3+,1.0979999999999999,1.17,0.675,1.61,0.675,1.61,-0.0541138753437501
Cd2+,Ho3+,Ge4+,1.09,1.69,1.041,1.23,0.67,2.01,-0.0644998545
Zn2+,Er3+,Ge4+,0.88,1.65,1.03,1.24,0.67,2.01,0.1269816881875002
Ca2+,Ga3+,Sn4+,1.14,1.0,0.76,1.81,0.83,1.96,0.026989324499999513
Mg2+,Ga3+,Sn4+,0.86,1.31,0.76,1.81,0.83,1.96,0.2279370796249996
Bi3+,Ho3+,Ga3+,1.17,2.02,1.041,1.23,0.76,1.81,-0.003925819437500167
La3+,Al3+,Al3+,1.172,1.1,0.675,1.61,0.675,1.61,-0.020461044000000327
Dy3+,Sc3+,Ga3+,1.052,1.22,0.885,1.36,0.76,1.81,-0.052909658187499174
Ca2+,Al3+,Sn4+,1.14,1.0,0.675,1.61,0.83,1.96,0.028607034000000198
Ca2+,Sc3+,Ge4+,1.14,1.0,0.885,1.36,0.67,2.01,-0.18890945618749946
Nd3+,Ga3+,Ga3+,1.123,1.14,0.76,1.81,0.76,1.81,-0.06905179693749944
Ho3+,Tm3+,Ga3+,1.041,1.23,1.02,1.25,0.76,1.81,-0.012671536000000571
Sr2+,Ga3+,Ti4+,1.32,0.95,0.76,1.81,0.745,1.54,-0.15036486575000013
Sr2+,Er3+,Ti4+,1.32,0.95,1.03,1.24,0.745,1.54,-0.2047607143124992
Ba2+,Dy3+,Si4+,1.49,0.89,1.052,1.22,0.54,1.9,-0.1589284123749998
Ho3+,Rh3+,Al3+,1.041,1.23,0.805,2.28,0.675,1.61,-0.01489709131249981
Zn2+,Al3+,Sn4+,0.88,1.65,0.675,1.61,0.83,1.96,0.2895476933750004
Lu3+,Ga3+,Ga3+,1.001,1.27,0.76,1.81,0.76,1.81,-0.025428289968749594
Cd2+,Tm3+,Si4+,1.09,1.69,1.02,1.25,0.54,1.9,-0.021555044062500882
Na1+,In3+,As5+,1.16,0.93,0.94,1.78,0.6,2.18,-0.3304090545000008
Pr3+,Dy3+,Ga3+,1.13,1.13,1.052,1.22,0.76,1.81,-0.06433247687499985
Ho3+,Ga3+,Al3+,1.041,1.23,0.76,1.81,0.675,1.61,-0.036380795437499815
Zn2+,Ga3+,Sn4+,0.88,1.65,0.76,1.81,0.83,1.96,0.2924639233750003
Eu3+,Ga3+,Al3+,1.087,1.2,0.76,1.81,0.675,1.61,-0.008901286078125282
Tm3+,Er3+,Ga3+,1.02,1.25,1.03,1.24,0.76,1.81,0.015140984281249815
Sr2+,Er3+,Si4+,1.32,0.95,1.03,1.24,0.54,1.9,-0.174598944937501
Sr2+,Sc3+,Si4+,1.32,0.95,0.885,1.36,0.54,1.9,-0.1692204838125015
Dy3+,Ga3+,Al3+,1.052,1.22,0.76,1.81,0.675,1.61,-0.03987667975000022
Gd3+,Ga3+,Al3+,1.075,1.2,0.76,1.81,0.675,1.61,-0.03545643815625112
Er3+,Y3+,Al3+,1.03,1.24,1.04,1.22,0.675,1.61,0.029845332031249682
Zn2+,Ga3+,Ge4+,0.88,1.65,0.76,1.81,0.67,2.01,0.0627921956249999
Zn2+,Y3+,Ti4+,0.88,1.65,1.04,1.22,0.745,1.54,0.2178505410000014
Ba2+,Rh3+,Ti4+,1.49,0.89,0.805,2.28,0.745,1.54,-0.1512823718749992
La3+,Tm3+,Al3+,1.172,1.1,1.02,1.25,0.675,1.61,-0.04752990643750081
Pr3+,Al3+,Al3+,1.13,1.13,0.675,1.61,0.675,1.61,-0.04176114437499976
Bi3+,Ga3+,Al3+,1.17,2.02,0.76,1.81,0.675,1.61,0.010033676437499394
Ca2+,In3+,Sn4+,1.14,1.0,0.94,1.78,0.83,1.96,0.011039966437499871
Pr3+,Ga3+,Al3+,1.13,1.13,0.76,1.81,0.675,1.61,-0.04103580537500022
Y3+,Cr3+,Ga3+,1.04,1.22,0.755,1.66,0.76,1.81,-0.06837925762499922
La3+,Al3+,Ga3+,1.172,1.1,0.675,1.61,0.76,1.81,-0.04810054787499958
La3+,In3+,Ga3+,1.172,1.1,0.94,1.78,0.76,1.81,-0.06858350243750025
La3+,Y3+,Ga3+,1.172,1.1,1.04,1.22,0.76,1.81,-0.062332687125000064
Mg2+,Cr3+,Ti4+,0.86,1.31,0.755,1.66,0.745,1.54,0.06987600262500138
La3+,Dy3+,Al3+,1.172,1.1,1.052,1.22,0.675,1.61,-0.035541951625000935
Mg2+,Er3+,Si4+,0.86,1.31,1.03,1.24,0.54,1.9,0.08742767081250022
Sr2+,Ga3+,Ge4+,1.32,0.95,0.76,1.81,0.67,2.01,-0.1701159818750007
Ba2+,Al3+,Ge4+,1.49,0.89,0.675,1.61,0.67,2.01,-0.07017706699999984
Sr2+,Sc3+,Sn4+,1.32,0.95,0.885,1.36,0.83,1.96,-0.06017259306250082
Sr2+,Al3+,Ti4+,1.32,0.95,0.675,1.61,0.745,1.54,-0.14262442274999926
Cd2+,Al3+,Ti4+,1.09,1.69,0.675,1.61,0.745,1.54,0.00048309225000053857
Y3+,In3+,Ga3+,1.04,1.22,0.94,1.78,0.76,1.81,-0.03554444693750014
Sm3+,Dy3+,Ga3+,1.0979999999999999,1.17,1.052,1.22,0.76,1.81,-0.041915833968749185
Tm3+,Ga3+,Al3+,1.02,1.25,0.76,1.81,0.675,1.61,-0.02861276403125146
Sr2+,In3+,Ge4+,1.32,0.95,0.94,1.78,0.67,2.01,-0.21036202318750058
Na1+,Ho3+,As5+,1.16,0.93,1.041,1.23,0.6,2.18,-0.3732020174375002
Ba2+,Y3+,Si4+,1.49,0.89,1.04,1.22,0.54,1.9,-0.16024068162499958
Y3+,Al3+,Al3+,1.04,1.22,0.675,1.61,0.675,1.61,-0.05134790387499919
Na1+,Dy3+,P5+,1.16,0.93,1.052,1.22,0.52,2.19,-0.4737789444999997
Sr2+,Dy3+,Si4+,1.32,0.95,1.052,1.22,0.54,1.9,-0.1717215602500005
Tm3+,Tm3+,Ga3+,1.02,1.25,1.02,1.25,0.76,1.81,0.007531750656249869
Ba2+,Al3+,Sn4+,1.49,0.89,0.675,1.61,0.83,1.96,0.034995723500000506
Cd2+,Rh3+,Ti4+,1.09,1.69,0.805,2.28,0.745,1.54,0.0051613641250000345
Mg2+,Ga3+,Ge4+,0.86,1.31,0.76,1.81,0.67,2.01,-0.013839587375000661
Ba2+,Y3+,Ti4+,1.49,0.89,1.04,1.22,0.745,1.54,-0.22263162449999782
Pr3+,Al3+,Ga3+,1.13,1.13,0.675,1.61,0.76,1.81,-0.06619318487500045
Mg2+,Al3+,Sn4+,0.86,1.31,0.675,1.61,0.83,1.96,0.22476203512499993
Gd3+,Al3+,Al3+,1.075,1.2,0.675,1.61,0.675,1.61,-0.04570333628125027
Mg2+,Sc3+,Ti4+,0.86,1.31,0.885,1.36,0.745,1.54,0.09275845818750099
Mg2+,Rh3+,Ge4+,0.86,1.31,0.805,2.28,0.67,2.01,0.009287421250000705
Dy3+,Sc3+,Al3+,1.052,1.22,0.885,1.36,0.675,1.61,-0.04351302293749946
Sm3+,Sc3+,Al3+,1.0979999999999999,1.17,0.885,1.36,0.675,1.61,-0.06358650703125086
Sr2+,Dy3+,Sn4+,1.32,0.95,1.052,1.22,0.83,1.96,-0.06831897837500059
Pr3+,Ga3+,Ga3+,1.13,1.13,0.76,1.81,0.76,1.81,-0.06809193937499955
Bi3+,In3+,Ga3+,1.17,2.02,0.94,1.78,0.76,1.81,-0.020608002624999955
Gd3+,Al3+,Ga3+,1.075,1.2,0.675,1.61,0.76,1.81,-0.058454374781249284
La3+,Ga3+,Ga3+,1.172,1.1,0.76,1.81,0.76,1.81,-0.052104034874999886
Tb3+,Al3+,Ga3+,1.063,1.1,0.675,1.61,0.76,1.81,-0.06500762315624975
Sm3+,Er3+,Al3+,1.0979999999999999,1.17,1.03,1.24,0.675,1.61,-0.033609518656249546
Sm3+,Ga3+,Al3+,1.0979999999999999,1.17,0.76,1.81,0.675,1.61,-0.04675562096875012
Cd2+,Dy3+,Sn4+,1.09,1.69,1.052,1.22,0.83,1.96,0.12718659212500008
Cd2+,Cr3+,Si4+,1.09,1.69,0.755,1.66,0.54,1.9,-0.03251945950000064
Nd3+,In3+,Al3+,1.123,1.14,0.94,1.78,0.675,1.61,-0.04814150887500048
Sr2+,Y3+,Si4+,1.32,0.95,1.04,1.22,0.54,1.9,-0.1717345367500009
Pr3+,Ho3+,Ga3+,1.13,1.13,1.041,1.23,0.76,1.81,-0.06876207549999976
Nd3+,Y3+,Al3+,1.123,1.14,1.04,1.22,0.675,1.61,-0.03447153256250033
Ba2+,Er3+,Si4+,1.49,0.89,1.03,1.24,0.54,1.9,-0.15577353781250025
Gd3+,Cr3+,Al3+,1.075,1.2,0.755,1.66,0.675,1.61,-0.05706884078125043
Er3+,Ga3+,Ga3+,1.03,1.24,0.76,1.81,0.76,1.81,-0.04400913784374936
Mg2+,Dy3+,Ti4+,0.86,1.31,1.052,1.22,0.745,1.54,0.13438051062500095
Sm3+,In3+,Al3+,1.0979999999999999,1.17,0.94,1.78,0.675,1.61,-0.0415048465312509
Mg2+,Tm3+,Sn4+,0.86,1.31,1.02,1.25,0.83,1.96,0.26465699056250036
Er3+,Ga3+,Al3+,1.03,1.24,0.76,1.81,0.675,1.61,-0.03319478846875086
Tm3+,Y3+,Al3+,1.02,1.25,1.04,1.22,0.675,1.61,0.04094304284374957
Ba2+,Ga3+,Ti4+,1.49,0.89,0.76,1.81,0.745,1.54,-0.1203118888749998
Ba2+,Ga3+,Sn4+,1.49,0.89,0.76,1.81,0.83,1.96,0.011055693625000274
Tb3+,Al3+,Al3+,1.063,1.1,0.675,1.61,0.675,1.61,-0.05535650640625036
Y3+,Er3+,Ga3+,1.04,1.22,1.03,1.24,0.76,1.81,-0.015612797937499322
Y3+,Sc3+,Al3+,1.04,1.22,0.885,1.36,0.675,1.61,-0.042229628562500565
Tb3+,Ho3+,Al3+,1.063,1.1,1.041,1.23,0.675,1.61,-0.004301329531251241
Tb3+,Y3+,Al3+,1.063,1.1,1.04,1.22,0.675,1.61,0.0032555685937488477
Zn2+,Dy3+,Si4+,0.88,1.65,1.052,1.22,0.54,1.9,0.18097285000000057
Tb3+,Y3+,Ga3+,1.063,1.1,1.04,1.22,0.76,1.81,-0.01215796140624974
Sr2+,Tm3+,Sn4+,1.32,0.95,1.02,1.25,0.83,1.96,-0.0722647495625008
Pr3+,Sc3+,Ga3+,1.13,1.13,0.885,1.36,0.76,1.81,-0.091617990437501
Bi3+,In3+,Al3+,1.17,2.02,0.94,1.78,0.675,1.61,0.0062393081249993545
Cd2+,Ga3+,Ge4+,1.09,1.69,0.76,1.81,0.67,2.01,-0.07002356400000025
Nd3+,Al3+,Al3+,1.123,1.14,0.675,1.61,0.675,1.61,-0.04771315856250027
Er3+,Al3+,Ga3+,1.03,1.24,0.675,1.61,0.76,1.81,-0.05373636471874939
Cd2+,Ga3+,Ti4+,1.09,1.69,0.76,1.81,0.745,1.54,0.008336184500000598
Zn2+,Ho3+,Ge4+,0.88,1.65,1.041,1.23,0.67,2.01,0.13210738725000012
Ca2+,Ga3+,Ge4+,1.14,1.0,0.76,1.81,0.67,2.01,-0.1641199716249993
Ho3+,Al3+,Ga3+,1.041,1.23,0.675,1.61,0.76,1.81,-0.05751921668749951
Pr3+,Rh3+,Al3+,1.13,1.13,0.805,2.28,0.675,1.61,-0.02837483412500106
Dy3+,Al3+,Ga3+,1.052,1.22,0.675,1.61,0.76,1.81,-0.06145952562499879
Er3+,Er3+,Al3+,1.03,1.24,1.03,1.24,0.675,1.61,0.01435507421874931
Zn2+,In3+,Ge4+,0.88,1.65,0.94,1.78,0.67,2.01,0.09971147793749964
Er3+,Sc3+,Ga3+,1.03,1.24,0.885,1.36,0.76,1.81,-0.03814181090625048
Tb3+,Tm3+,Ga3+,1.063,1.1,1.02,1.25,0.76,1.81,-0.030999319093749735
Sr2+,Al3+,Ge4+,1.32,0.95,0.675,1.61,0.67,2.01,-0.1620639472500006
Sm3+,Y3+,Al3+,1.0979999999999999,1.17,1.04,1.22,0.675,1.61,-0.02192417371874953
Cd2+,Al3+,Sn4+,1.09,1.69,0.675,1.61,0.83,1.96,0.1167593581250003
Tb3+,Ga3+,Al3+,1.063,1.1,0.76,1.81,0.675,1.61,-0.04287406153125062
La3+,Cr3+,Al3+,1.172,1.1,0.755,1.66,0.675,1.61,-0.049558597375000346
Tb3+,Ga3+,Ga3+,1.063,1.1,0.76,1.81,0.76,1.81,-0.05765523615624986
Sm3+,Al3+,Ga3+,1.0979999999999999,1.17,0.675,1.61,0.76,1.81,-0.0707111720937494
Dy3+,Ga3+,Ga3+,1.052,1.22,0.76,1.81,0.76,1.81,-0.05330475000000021
Sr2+,Ho3+,Si4+,1.32,0.95,1.041,1.23,0.54,1.9,-0.17336742887500023
Na1+,Dy3+,As5+,1.16,0.93,1.052,1.22,0.6,2.18,-0.3725887788124993
Sm3+,Cr3+,Ga3+,1.0979999999999999,1.17,0.755,1.66,0.76,1.81,-0.08588938159374919
Tb3+,Sc3+,Al3+,1.063,1.1,0.885,1.36,0.675,1.61,-0.04939483071875124
Ca2+,In3+,Ti4+,1.14,1.0,0.94,1.78,0.745,1.54,-0.12044838631249988
Ho3+,Dy3+,Al3+,1.041,1.23,1.052,1.22,0.675,1.61,0.020008727437500085
Eu3+,Cr3+,Ga3+,1.087,1.2,0.755,1.66,0.76,1.81,-0.05526832182812456
Er3+,Tm3+,Al3+,1.03,1.24,1.02,1.25,0.675,1.61,0.006694488343750038
Y3+,Al3+,Ga3+,1.04,1.22,0.675,1.61,0.76,1.81,-0.059261007250000476
Nd3+,Dy3+,Ga3+,1.123,1.14,1.052,1.22,0.76,1.81,-0.05748925956250019
Tm3+,Al3+,Al3+,1.02,1.25,0.675,1.61,0.675,1.61,-0.045832032406250535
Ca2+,Al3+,Ti4+,1.14,1.0,0.675,1.61,0.745,1.54,-0.11961474187499874
Nd3+,Ga3+,Al3+,1.123,1.14,0.76,1.81,0.675,1.61,-0.04443519518749994
Zn2+,Dy3+,Sn4+,0.88,1.65,1.052,1.22,0.83,1.96,0.34986074862500055
Nd3+,Sc3+,Al3+,1.123,1.14,0.885,1.36,0.675,1.61,-0.0683449143750007
Mg2+,In3+,Sn4+,0.86,1.31,0.94,1.78,0.83,1.96,0.24070049893750003
Sr2+,Ga3+,Sn4+,1.32,0.95,0.76,1.81,0.83,1.96,-0.01630939599999941
Mg2+,Al3+,Ti4+,0.86,1.31,0.675,1.61,0.745,1.54,0.07132758612500112
Eu3+,Rh3+,Al3+,1.087,1.2,0.805,2.28,0.675,1.61,-0.04416470945312554
Dy3+,Er3+,Ga3+,1.052,1.22,1.03,1.24,0.76,1.81,-0.014536414187499246
Lu3+,Al3+,Al3+,1.001,1.27,0.675,1.61,0.675,1.61,-0.03720174796875
Mg2+,Ga3+,Ti4+,0.86,1.31,0.76,1.81,0.745,1.54,0.08767689225000126
Mg2+,Ho3+,Ti4+,0.86,1.31,1.041,1.23,0.745,1.54,0.12891491175000028
Tm3+,Ga3+,Ga3+,1.02,1.25,0.76,1.81,0.76,1.81,-0.038116473156249955
Ca2+,Sc3+,Sn4+,1.14,1.0,0.885,1.36,0.83,1.96,0.006322901187500918
Ca2+,Al3+,Si4+,1.14,1.0,0.675,1.61,0.54,1.9,-0.13149114524999916
Mg2+,Cr3+,Ge4+,0.86,1.31,0.755,1.66,0.67,2.01,-0.026171047249999902
Zn2+,Sc3+,Sn4+,0.88,1.65,0.885,1.36,0.83,1.96,0.31436848206250045
Ba2+,Dy3+,Ti4+,1.49,0.89,1.052,1.22,0.745,1.54,-0.2215861956249995
Lu3+,Al3+,Ga3+,1.001,1.27,0.675,1.61,0.76,1.81,-0.037241778843749886
Eu3+,Rh3+,Ga3+,1.087,1.2,0.805,2.28,0.76,1.81,-0.07176714970312474
Pr3+,Cr3+,Al3+,1.13,1.13,0.755,1.66,0.675,1.61,-0.06407980100000046
Cd2+,Ga3+,Sn4+,1.09,1.69,0.76,1.81,0.83,1.96,0.11595872800000002
Tb3+,Cr3+,Ga3+,1.063,1.1,0.755,1.66,0.76,1.81,-0.07545083903124947
Ba2+,Sc3+,Sn4+,1.49,0.89,0.885,1.36,0.83,1.96,-0.0633831870624995
Tb3+,Dy3+,Al3+,1.063,1.1,1.052,1.22,0.675,1.61,0.0024092837187495776
Ba2+,Y3+,Sn4+,1.49,0.89,1.04,1.22,0.83,1.96,-0.09663977775000028
Mg2+,In3+,Ge4+,0.86,1.31,0.94,1.78,0.67,2.01,0.026233892687499604
Tb3+,Cr3+,Al3+,1.063,1.1,0.755,1.66,0.675,1.61,-0.06229113415625065
Bi3+,Er3+,Al3+,1.17,2.02,1.03,1.24,0.675,1.61,0.015783863624999128
Ca2+,In3+,Si4+,1.14,1.0,0.94,1.78,0.54,1.9,-0.11969122181250072
Na1+,Ho3+,P5+,1.16,0.93,1.041,1.23,0.52,2.19,-0.4739863377500001
Mg2+,Ho3+,Ge4+,0.86,1.31,1.041,1.23,0.67,2.01,0.059702088750000826
Eu3+,Ho3+,Al3+,1.087,1.2,1.041,1.23,0.675,1.61,-0.001571335828125342
Zn2+,Er3+,Sn4+,0.88,1.65,1.03,1.24,0.83,1.96,0.3404042014375005
Eu3+,In3+,Ga3+,1.087,1.2,0.94,1.78,0.76,1.81,-0.028155553390624987
Eu3+,Dy3+,Al3+,1.087,1.2,1.052,1.22,0.675,1.61,0.006452234796874734
Mg2+,Y3+,Ti4+,0.86,1.31,1.04,1.22,0.745,1.54,0.13507566500000082
Cd2+,Y3+,Sn4+,1.09,1.69,1.04,1.22,0.83,1.96,0.12675309175000002
Mg2+,Tm3+,Si4+,0.86,1.31,1.02,1.25,0.54,1.9,0.07884126243749989
Eu3+,Tm3+,Ga3+,1.087,1.2,1.02,1.25,0.76,1.81,-0.025682509390625087
Cd2+,Er3+,Sn4+,1.09,1.69,1.03,1.24,0.83,1.96,0.12116767056249991
Tm3+,Er3+,Al3+,1.02,1.25,1.03,1.24,0.675,1.61,0.024918700156249685
Pr3+,Cr3+,Ga3+,1.13,1.13,0.755,1.66,0.76,1.81,-0.08816347937499955
Tm3+,Tm3+,Al3+,1.02,1.25,1.02,1.25,0.675,1.61,0.01660936565625022
Cd2+,Er3+,Si4+,1.09,1.69,1.03,1.24,0.54,1.9,-0.016663570562500497
Dy3+,Ho3+,Al3+,1.052,1.22,1.041,1.23,0.675,1.61,0.00453520775000058
Ca2+,Er3+,Sn4+,1.14,1.0,1.03,1.24,0.83,1.96,0.011239094812500738
Pr3+,Y3+,Ga3+,1.13,1.13,1.04,1.22,0.76,1.81,-0.06419038650000033
La3+,Sc3+,Ga3+,1.172,1.1,0.885,1.36,0.76,1.81,-0.08471967706250005
Na1+,Tm3+,As5+,1.16,0.93,1.02,1.25,0.6,2.18,-0.3739548130000003
Nd3+,Er3+,Ga3+,1.123,1.14,1.03,1.24,0.76,1.81,-0.0661658682499997
Nd3+,Cr3+,Ga3+,1.123,1.14,0.755,1.66,0.76,1.81,-0.0885342045625002
Na1+,Tm3+,P5+,1.16,0.93,1.02,1.25,0.52,2.19,-0.47527850531250027
Pr3+,Er3+,Al3+,1.13,1.13,1.03,1.24,0.675,1.61,-0.04866774918750068
Cd2+,Tm3+,Sn4+,1.09,1.69,1.02,1.25,0.83,1.96,0.11782425706249988
Zn2+,Tm3+,Ti4+,0.88,1.65,1.02,1.25,0.745,1.54,0.20320367131250022
Sr2+,Dy3+,Ge4+,1.32,0.95,1.052,1.22,0.67,2.01,-0.22864048850000032
Na1+,Al3+,As5+,1.16,0.93,0.675,1.61,0.6,2.18,-0.30600178556249985
Cd2+,Rh3+,Sn4+,1.09,1.69,0.805,2.28,0.83,1.96,0.11217079150000053
Cd2+,Cr3+,Ti4+,1.09,1.69,0.755,1.66,0.745,1.54,-0.010044420374998708
Sm3+,Tm3+,Al3+,1.0979999999999999,1.17,1.02,1.25,0.675,1.61,-0.03936256203125055
Bi3+,Ho3+,Al3+,1.17,2.02,1.041,1.23,0.675,1.61,0.01933428243749944
Zn2+,Sc3+,Si4+,0.88,1.65,0.885,1.36,0.54,1.9,0.1254821349375
Nd3+,Y3+,Ga3+,1.123,1.14,1.04,1.22,0.76,1.81,-0.0569609668125004
Tb3+,In3+,Al3+,1.063,1.1,0.94,1.78,0.675,1.61,-0.024829514843750643
Zn2+,Er3+,Ti4+,0.88,1.65,1.03,1.24,0.745,1.54,0.20831200106250095
Er3+,Cr3+,Ga3+,1.03,1.24,0.755,1.66,0.76,1.81,-0.06032096634374966
Mg2+,Rh3+,Si4+,0.86,1.31,0.805,2.28,0.54,1.9,0.05925242375000082
La3+,Tm3+,Ga3+,1.172,1.1,1.02,1.25,0.76,1.81,-0.07350141706249999
Ba2+,Rh3+,Sn4+,1.49,0.89,0.805,2.28,0.83,1.96,0.005906877625000462
Mg2+,Tm3+,Ge4+,0.86,1.31,1.02,1.25,0.67,2.01,0.04523776456249991
Bi3+,Y3+,Al3+,1.17,2.02,1.04,1.22,0.675,1.61,0.02397032718750012
Bi3+,Sc3+,Ga3+,1.17,2.02,0.885,1.36,0.76,1.81,-0.024100846249999464
Bi3+,Tm3+,Ga3+,1.17,2.02,1.02,1.25,0.76,1.81,-0.01149232237499973
Cd2+,Y3+,Ti4+,1.09,1.69,1.04,1.22,0.745,1.54,0.013869529000000113
Er3+,Sc3+,Al3+,1.03,1.24,0.885,1.36,0.675,1.61,-0.031136110906250635
Cd2+,Ho3+,Si4+,1.09,1.69,1.041,1.23,0.54,1.9,-0.01309967125
Pr3+,In3+,Ga3+,1.13,1.13,0.94,1.78,0.76,1.81,-0.07680888356250008
Cd2+,Al3+,Si4+,1.09,1.69,0.675,1.61,0.54,1.9,-0.027276813374999875
Mg2+,Dy3+,Si4+,0.86,1.31,1.052,1.22,0.54,1.9,0.10222277900000024
Nd3+,Dy3+,Al3+,1.123,1.14,1.052,1.22,0.675,1.61,-0.03497594131250068
Y3+,Ho3+,Al3+,1.04,1.22,1.041,1.23,0.675,1.61,0.0036246933749993103
Y3+,Sc3+,Ga3+,1.04,1.22,0.885,1.36,0.76,1.81,-0.051844841812499355
Sr2+,Dy3+,Ti4+,1.32,0.95,1.052,1.22,0.745,1.54,-0.20244586537499956
Sm3+,Tm3+,Ga3+,1.0979999999999999,1.17,1.02,1.25,0.76,1.81,-0.05728049940625013
Na1+,Ga3+,As5+,1.16,0.93,0.76,1.81,0.6,2.18,-0.2971035325624996
Mg2+,Dy3+,Sn4+,0.86,1.31,1.052,1.22,0.83,1.96,0.28016699575
Dy3+,Ho3+,Ga3+,1.052,1.22,1.041,1.23,0.76,1.81,-0.009350386250000042
Ca2+,Rh3+,Ge4+,1.14,1.0,0.805,2.28,0.67,2.01,-0.14674027462500022
Zn2+,In3+,Si4+,0.88,1.65,0.94,1.78,0.54,1.9,0.15133672231249945
Cd2+,Ho3+,Ti4+,1.09,1.69,1.041,1.23,0.745,1.54,0.01045430850000031
Tb3+,Tm3+,Al3+,1.063,1.1,1.02,1.25,0.675,1.61,-0.017285340468750122
Sr2+,Er3+,Sn4+,1.32,0.95,1.03,1.24,0.83,1.96,-0.07085201893749975
Ca2+,Tm3+,Sn4+,1.14,1.0,1.02,1.25,0.83,1.96,0.008046323562500745
Nd3+,Ho3+,Ga3+,1.123,1.14,1.041,1.23,0.76,1.81,-0.06224514393750056
Ca2+,Cr3+,Sn4+,1.14,1.0,0.755,1.66,0.83,1.96,0.013318536125001047
Ba2+,Tm3+,Si4+,1.49,0.89,1.02,1.25,0.54,1.9,-0.15408256468749998
Dy3+,Cr3+,Ga3+,1.052,1.22,0.755,1.66,0.76,1.81,-0.07053768012499972
Ca2+,Er3+,Ge4+,1.14,1.0,1.03,1.24,0.67,2.01,-0.17422694156250032
Er3+,Dy3+,Al3+,1.03,1.24,1.052,1.22,0.675,1.61,0.02871642815624966
Sr2+,Cr3+,Sn4+,1.32,0.95,0.755,1.66,0.83,1.96,-0.033919998374999594
Ho3+,Cr3+,Ga3+,1.041,1.23,0.755,1.66,0.76,1.81,-0.06519251706249989
Eu3+,Sc3+,Ga3+,1.087,1.2,0.885,1.36,0.76,1.81,-0.04252734026562557
Mg2+,Sc3+,Sn4+,0.86,1.31,0.885,1.36,0.83,1.96,0.24322279381250098
La3+,Rh3+,Ga3+,1.172,1.1,0.805,2.28,0.76,1.81,-0.04940846599999986
Zn2+,Sc3+,Ti4+,0.88,1.65,0.885,1.36,0.745,1.54,0.18127364968750043
Er3+,Tm3+,Ga3+,1.03,1.24,1.02,1.25,0.76,1.81,-0.0032901469062501577
Ca2+,Cr3+,Ge4+,1.14,1.0,0.755,1.66,0.67,2.01,-0.18468486424999925
La3+,Y3+,Al3+,1.172,1.1,1.04,1.22,0.675,1.61,-0.035540213250001076
Gd3+,In3+,Ga3+,1.075,1.2,0.94,1.78,0.76,1.81,-0.04439023509374991
Zn2+,Cr3+,Ge4+,0.88,1.65,0.755,1.66,0.67,2.01,0.04963074887500056
Ba2+,Cr3+,Ti4+,1.49,0.89,0.755,1.66,0.745,1.54,-0.15204924162499864
Dy3+,Cr3+,Al3+,1.052,1.22,0.755,1.66,0.675,1.61,-0.05897568450000037
Ca2+,Tm3+,Ge4+,1.14,1.0,1.02,1.25,0.67,2.01,-0.17834612856250018
Cd2+,Rh3+,Si4+,1.09,1.69,0.805,2.28,0.54,1.9,0.0163069057499996
Sr2+,Tm3+,Ge4+,1.32,0.95,1.02,1.25,0.67,2.01,-0.23359749806250035
Pr3+,Er3+,Ga3+,1.13,1.13,1.03,1.24,0.76,1.81,-0.07273450318750037
Pr3+,Tm3+,Al3+,1.13,1.13,1.02,1.25,0.675,1.61,-0.053693096937500684
Pr3+,Ho3+,Al3+,1.13,1.13,1.041,1.23,0.675,1.61,-0.044964139250000555
Nd3+,Cr3+,Al3+,1.123,1.14,0.755,1.66,0.675,1.61,-0.06662555081250048
Cd2+,In3+,Si4+,1.09,1.69,0.94,1.78,0.54,1.9,-0.010068926312500536
Sr2+,Ho3+,Ge4+,1.32,0.95,1.041,1.23,0.67,2.01,-0.23065709687500088
Cd2+,Er3+,Ti4+,1.09,1.69,1.03,1.24,0.745,1.54,0.007807240437500695
Sm3+,Dy3+,Al3+,1.0979999999999999,1.17,1.052,1.22,0.675,1.61,-0.02260182584375059
Ca2+,Ho3+,Sn4+,1.14,1.0,1.041,1.23,0.83,1.96,0.013806960999999873
Sr2+,Tm3+,Si4+,1.32,0.95,1.02,1.25,0.54,1.9,-0.17681605906250014
Ba2+,Y3+,Ge4+,1.49,0.89,1.04,1.22,0.67,2.01,-0.22959457575000003
Sm3+,Rh3+,Al3+,1.0979999999999999,1.17,0.805,2.28,0.675,1.61,-0.02946689521875001
Y3+,Ho3+,Ga3+,1.04,1.22,1.041,1.23,0.76,1.81,-0.01013526362500059
Dy3+,Y3+,Ga3+,1.052,1.22,1.04,1.22,0.76,1.81,-0.002292887749999295
Ho3+,Rh3+,Ga3+,1.041,1.23,0.805,2.28,0.76,1.81,-0.035618747062499526
Zn2+,Cr3+,Si4+,0.88,1.65,0.755,1.66,0.54,1.9,0.09182792500000048
Gd3+,Rh3+,Al3+,1.075,1.2,0.805,2.28,0.675,1.61,-0.018705938656250254
Y3+,Tm3+,Al3+,1.04,1.22,1.02,1.25,0.675,1.61,-0.009693804937500517
Zn2+,Y3+,Si4+,0.88,1.65,1.04,1.22,0.54,1.9,0.181765359125
Zn2+,Y3+,Ge4+,0.88,1.65,1.04,1.22,0.67,2.01,0.13914460649999966
Zn2+,Dy3+,Ge4+,0.88,1.65,1.052,1.22,0.67,2.01,0.13872633612499996
Eu3+,Sc3+,Al3+,1.087,1.2,0.885,1.36,0.675,1.61,-0.028586269140625474
Bi3+,Tm3+,Al3+,1.17,2.02,1.02,1.25,0.675,1.61,0.010765384374999343
Ba2+,In3+,Ge4+,1.49,0.89,0.94,1.78,0.67,2.01,-0.18332876731249997
Zn2+,Er3+,Si4+,0.88,1.65,1.03,1.24,0.54,1.9,0.16779909131249937
Ho3+,Ho3+,Al3+,1.041,1.23,1.041,1.23,0.675,1.61,0.012804591437499369
Ca2+,Rh3+,Si4+,1.14,1.0,0.805,2.28,0.54,1.9,-0.09681198550000047
Ba2+,Rh3+,Si4+,1.49,0.89,0.805,2.28,0.54,1.9,-0.05258247412500054
Ca2+,Ho3+,Ge4+,1.14,1.0,1.041,1.23,0.67,2.01,-0.17063345137499936
Nd3+,Tm3+,Al3+,1.123,1.14,1.02,1.25,0.675,1.61,-0.04976259525000089
Y3+,Rh3+,Al3+,1.04,1.22,0.805,2.28,0.675,1.61,-0.016231369000000485
Ca2+,Ga3+,Si4+,1.14,1.0,0.76,1.81,0.54,1.9,-0.11694268149999942
Bi3+,Dy3+,Ga3+,1.17,2.02,1.052,1.22,0.76,1.81,5.054993749951109e-05
Ho3+,Y3+,Al3+,1.041,1.23,1.04,1.22,0.675,1.61,0.021045589937499186
Mg2+,In3+,Ti4+,0.86,1.31,0.94,1.78,0.745,1.54,0.11352336956250113
Er3+,In3+,Al3+,1.03,1.24,0.94,1.78,0.675,1.61,-0.00527624653124974
Dy3+,Tm3+,Ga3+,1.052,1.22,1.02,1.25,0.76,1.81,-0.021848537937498948
Sr2+,Y3+,Sn4+,1.32,0.95,1.04,1.22,0.83,1.96,-0.06930391924999987
Zn2+,Ho3+,Si4+,0.88,1.65,1.041,1.23,0.54,1.9,0.1740925817499992
Na1+,Y3+,P5+,1.16,0.93,1.04,1.22,0.52,2.19,-0.4741531632499999
Y3+,Rh3+,Ga3+,1.04,1.22,0.805,2.28,0.76,1.81,-0.03779542137499945
Eu3+,Er3+,Al3+,1.087,1.2,1.03,1.24,0.675,1.61,-0.005437408640624852
Cd2+,Sc3+,Sn4+,1.09,1.69,0.885,1.36,0.83,1.96,0.11424165581249994
Zn2+,Tm3+,Si4+,0.88,1.65,1.02,1.25,0.54,1.9,0.15972801306249948
Na1+,Sc3+,P5+,1.16,0.93,0.885,1.36,0.52,2.19,-0.45923638131250044
Cd2+,Dy3+,Ti4+,1.09,1.69,1.052,1.22,0.745,1.54,0.013696889124999955
Ca2+,Rh3+,Ti4+,1.14,1.0,0.805,2.28,0.745,1.54,-0.11224735962499892
Tb3+,Er3+,Ga3+,1.063,1.1,1.03,1.24,0.76,1.81,-0.0242645669687505
Gd3+,Sc3+,Ga3+,1.075,1.2,0.885,1.36,0.76,1.81,-0.06171005171875059
Bi3+,Rh3+,Al3+,1.17,2.02,0.805,2.28,0.675,1.61,0.028137968187499494
Sr2+,Cr3+,Ti4+,1.32,0.95,0.755,1.66,0.745,1.54,-0.1760229386249989
Gd3+,Tm3+,Al3+,1.075,1.2,1.02,1.25,0.675,1.61,-0.021462398843750917
La3+,Er3+,Al3+,1.172,1.1,1.03,1.24,0.675,1.61,-0.04344466706250003
Dy3+,Tm3+,Al3+,1.052,1.22,1.02,1.25,0.675,1.61,-0.00958177931249935
Dy3+,Rh3+,Ga3+,1.052,1.22,0.805,2.28,0.76,1.81,-0.04036159362499916
Dy3+,Dy3+,Ga3+,1.052,1.22,1.052,1.22,0.76,1.81,-0.002910879750000106
Tm3+,Rh3+,Ga3+,1.02,1.25,0.805,2.28,0.76,1.81,-0.02590993103125072
Nd3+,Ho3+,Al3+,1.123,1.14,1.041,1.23,0.675,1.61,-0.039979381062499895
Ba2+,Dy3+,Ge4+,1.49,0.89,1.052,1.22,0.67,2.01,-0.2285640481249999
Ba2+,In3+,Si4+,1.49,0.89,0.94,1.78,0.54,1.9,-0.11072665568749969
Sr2+,Rh3+,Ti4+,1.32,0.95,0.805,2.28,0.745,1.54,-0.1604452170000002
Tb3+,Er3+,Al3+,1.063,1.1,1.03,1.24,0.675,1.61,-0.010466900218749941
Cd2+,Sc3+,Ti4+,1.09,1.69,0.885,1.36,0.745,1.54,-0.0008669174375000921
Zn2+,Ho3+,Ti4+,0.88,1.65,1.041,1.23,0.745,1.54,0.2128233316250004
Eu3+,Cr3+,Al3+,1.087,1.2,0.755,1.66,0.675,1.61,-0.038857532203125086
Mg2+,Cr3+,Sn4+,0.86,1.31,0.755,1.66,0.83,1.96,0.21603268050000074
Mg2+,Tm3+,Ti4+,0.86,1.31,1.02,1.25,0.745,1.54,0.11852011893750145
Ca2+,Dy3+,Ti4+,1.14,1.0,1.052,1.22,0.745,1.54,-0.12626855499999934
Ca2+,Tm3+,Si4+,1.14,1.0,1.02,1.25,0.54,1.9,-0.13369365193750013
Eu3+,Tm3+,Al3+,1.087,1.2,1.02,1.25,0.675,1.61,-0.010434159140625354
Tm3+,In3+,Al3+,1.02,1.25,0.94,1.78,0.675,1.61,0.00306412040624906
Cd2+,Rh3+,Ge4+,1.09,1.69,0.805,2.28,0.67,2.01,-0.05735154637499988
Sm3+,Cr3+,Al3+,1.0979999999999999,1.17,0.755,1.66,0.675,1.61,-0.06774738859374949
Ca2+,Y3+,Ge4+,1.14,1.0,1.04,1.22,0.67,2.01,-0.1663078834999993
Ho3+,Sc3+,Al3+,1.041,1.23,0.885,1.36,0.675,1.61,-0.03729666687500064
Mg2+,Sc3+,Ge4+,0.86,1.31,0.885,1.36,0.67,2.01,0.009563950812500721
Er3+,Ho3+,Al3+,1.03,1.24,1.041,1.23,0.675,1.61,0.021055504406249526
Tm3+,Sc3+,Al3+,1.02,1.25,0.885,1.36,0.675,1.61,-0.02370549009375118
Sr2+,Y3+,Ge4+,1.32,0.95,1.04,1.22,0.67,2.01,-0.2289529307500004
Na1+,Al3+,P5+,1.16,0.93,0.675,1.61,0.52,2.19,-0.4011522212499997
Zn2+,Tm3+,Sn4+,0.88,1.65,1.02,1.25,0.83,1.96,0.33495044068750024
Sr2+,Cr3+,Si4+,1.32,0.95,0.755,1.66,0.54,1.9,-0.14254216324999974
Eu3+,Ho3+,Ga3+,1.087,1.2,1.041,1.23,0.76,1.81,-0.018008842078124587
Ba2+,Dy3+,Sn4+,1.49,0.89,1.052,1.22,0.83,1.96,-0.09627201074999939
Na1+,Cr3+,P5+,1.16,0.93,0.755,1.66,0.52,2.19,-0.4226418683749998
Ho3+,Cr3+,Al3+,1.041,1.23,0.755,1.66,0.675,1.61,-0.055086375312500026
Ca2+,Dy3+,Sn4+,1.14,1.0,1.052,1.22,0.83,1.96,0.016848092875000376
Tb3+,Sc3+,Ga3+,1.063,1.1,0.885,1.36,0.76,1.81,-0.06025785359375071
Sr2+,Er3+,Ge4+,1.32,0.95,1.03,1.24,0.67,2.01,-0.23201487193749984
Zn2+,Rh3+,Ge4+,0.88,1.65,0.805,2.28,0.67,2.01,0.07507795912500015
Cd2+,Dy3+,Ge4+,1.09,1.69,1.052,1.22,0.67,2.01,-0.06079949324999987
Ba2+,Tm3+,Ge4+,1.49,0.89,1.02,1.25,0.67,2.01,-0.22465855181250022
Y3+,In3+,Al3+,1.04,1.22,0.94,1.78,0.675,1.61,-0.01801071893750006
Bi3+,Cr3+,Al3+,1.17,2.02,0.755,1.66,0.675,1.61,-0.00732241343749962
Pr3+,Rh3+,Ga3+,1.13,1.13,0.805,2.28,0.76,1.81,-0.05793779562499992
Ho3+,Sc3+,Ga3+,1.041,1.23,0.885,1.36,0.76,1.81,-0.045321195
Ba2+,Al3+,Si4+,1.49,0.89,0.675,1.61,0.54,1.9,0.013921499749999811
Zn2+,Rh3+,Ti4+,0.88,1.65,0.805,2.28,0.745,1.54,0.16048872000000075
Zn2+,Cr3+,Sn4+,0.88,1.65,0.755,1.66,0.83,1.96,0.2788806473750004
Pr3+,Dy3+,Al3+,1.13,1.13,1.052,1.22,0.675,1.61,-0.040213112250000904
Tm3+,Y3+,Ga3+,1.02,1.25,1.04,1.22,0.76,1.81,0.029493362218750006
Y3+,Dy3+,Ga3+,1.04,1.22,1.052,1.22,0.76,1.81,-0.0038945843749999655
Nd3+,Rh3+,Ga3+,1.123,1.14,0.805,2.28,0.76,1.81,-0.057836214437499936
Gd3+,Tm3+,Ga3+,1.075,1.2,1.02,1.25,0.76,1.81,-0.03704246296874984
Nd3+,Tm3+,Ga3+,1.123,1.14,1.02,1.25,0.76,1.81,-0.07115807762500026
Ca2+,Y3+,Si4+,1.14,1.0,1.04,1.22,0.54,1.9,-0.1201373635000003
Tb3+,Rh3+,Al3+,1.063,1.1,0.805,2.28,0.675,1.61,-0.022620389906250437
Mg2+,Rh3+,Sn4+,0.86,1.31,0.805,2.28,0.83,1.96,0.22813326387499977
Ba2+,Cr3+,Si4+,1.49,0.89,0.755,1.66,0.54,1.9,-0.06580190962500013
Sr2+,Tm3+,Ti4+,1.32,0.95,1.02,1.25,0.745,1.54,-0.20586281518749913
Tm3+,Ho3+,Ga3+,1.02,1.25,1.041,1.23,0.76,1.81,0.021616166593749143
Ba2+,Ho3+,Ge4+,1.49,0.89,1.041,1.23,0.67,2.01,-0.22722212712499967
Y3+,Y3+,Al3+,1.04,1.22,1.04,1.22,0.675,1.61,0.011313524874999814
Ba2+,Ho3+,Ti4+,1.49,0.89,1.041,1.23,0.745,1.54,-0.21993692674999962
Ca2+,Sc3+,Si4+,1.14,1.0,0.885,1.36,0.54,1.9,-0.14737744431250022
Bi3+,Dy3+,Al3+,1.17,2.02,1.052,1.22,0.675,1.61,0.023585877187499448
La3+,Dy3+,Ga3+,1.172,1.1,1.052,1.22,0.76,1.81,-0.0623628736250005
Cd2+,Sc3+,Si4+,1.09,1.69,0.885,1.36,0.54,1.9,-0.03072916318750103
Er3+,Dy3+,Ga3+,1.03,1.24,1.052,1.22,0.76,1.81,0.016412487531250262
La3+,Sc3+,Al3+,1.172,1.1,0.885,1.36,0.675,1.61,-0.05931601843750123
Ba2+,Er3+,Ge4+,1.49,0.89,1.03,1.24,0.67,2.01,-0.22651446968749908
Na1+,Er3+,As5+,1.16,0.93,1.03,1.24,0.6,2.18,-0.3733512334999993
La3+,In3+,Al3+,1.172,1.1,0.94,1.78,0.675,1.61,-0.04034120918750119
Sr2+,Sc3+,Ti4+,1.32,0.95,0.885,1.36,0.745,1.54,-0.19663534843750058
Zn2+,Tm3+,Ge4+,0.88,1.65,1.02,1.25,0.67,2.01,0.11944818918750003
Sm3+,Sc3+,Ga3+,1.0979999999999999,1.17,0.885,1.36,0.76,1.81,-0.07957501690624973
Mg2+,Ho3+,Sn4+,0.86,1.31,1.041,1.23,0.83,1.96,0.2748879295000005
Y3+,Tm3+,Ga3+,1.04,1.22,1.02,1.25,0.76,1.81,-0.021657110937499623
Ba2+,Rh3+,Ge4+,1.49,0.89,0.805,2.28,0.67,2.01,-0.1213998848750002
Zn2+,Dy3+,Ti4+,0.88,1.65,1.052,1.22,0.745,1.54,0.21795019812500058
Mg2+,Cr3+,Si4+,0.86,1.31,0.755,1.66,0.54,1.9,0.0032846413750000636
Ho3+,Er3+,Al3+,1.041,1.23,1.03,1.24,0.675,1.61,0.006262139249999165
Ho3+,Dy3+,Ga3+,1.041,1.23,1.052,1.22,0.76,1.81,0.0071020020624999345
Nd3+,Er3+,Al3+,1.123,1.14,1.03,1.24,0.675,1.61,-0.0444130604999998
Cd2+,Sc3+,Ge4+,1.09,1.69,0.885,1.36,0.67,2.01,-0.08035168568750031
Cd2+,In3+,Sn4+,1.09,1.69,0.94,1.78,0.83,1.96,0.10633398343750038
Mg2+,Y3+,Si4+,0.86,1.31,1.04,1.22,0.54,1.9,0.10333371824999986
Ca2+,Y3+,Ti4+,1.14,1.0,1.04,1.22,0.745,1.54,-0.1259111558749993
Zn2+,In3+,Ti4+,0.88,1.65,0.94,1.78,0.745,1.54,0.19582083343750084
Ca2+,In3+,Ge4+,1.14,1.0,0.94,1.78,0.67,2.01,-0.1693588145624993
Ba2+,Er3+,Sn4+,1.49,0.89,1.03,1.24,0.83,1.96,-0.0941522271874998
Ca2+,Rh3+,Sn4+,1.14,1.0,0.805,2.28,0.83,1.96,0.04038511512500058
Sr2+,Rh3+,Ge4+,1.32,0.95,0.805,2.28,0.67,2.01,-0.16796367325000006
Ca2+,Ho3+,Ti4+,1.14,1.0,1.041,1.23,0.745,1.54,-0.129235756624999
Sr2+,Sc3+,Ge4+,1.32,0.95,0.885,1.36,0.67,2.01,-0.22584773831250082
Cd2+,Ho3+,Sn4+,1.09,1.69,1.041,1.23,0.83,1.96,0.12406633537500049
Gd3+,Ho3+,Ga3+,1.075,1.2,1.041,1.23,0.76,1.81,-0.026001406281250184
Tm3+,Dy3+,Ga3+,1.02,1.25,1.052,1.22,0.76,1.81,0.028704118218750095
Cd2+,Ga3+,Si4+,1.09,1.69,0.76,1.81,0.54,1.9,-0.011021901875000139
Mg2+,Er3+,Ge4+,0.86,1.31,1.03,1.24,0.67,2.01,0.05405409831249983
Tb3+,In3+,Ga3+,1.063,1.1,0.94,1.78,0.76,1.81,-0.04294633646874999
Ba2+,Sc3+,Ge4+,1.49,0.89,0.885,1.36,0.67,2.01,-0.19352998218749953
Tb3+,Ho3+,Ga3+,1.063,1.1,1.041,1.23,0.76,1.81,-0.01887641590625009
Zn2+,Rh3+,Si4+,0.88,1.65,0.805,2.28,0.54,1.9,0.14319895825000017
Gd3+,Ho3+,Al3+,1.075,1.2,1.041,1.23,0.675,1.61,-0.00971691028125079
Bi3+,Y3+,Ga3+,1.17,2.02,1.04,1.22,0.76,1.81,0.00034967793750055874
Ba2+,Sc3+,Ti4+,1.49,0.89,0.885,1.36,0.745,1.54,-0.19043631893750046
Bi3+,Sc3+,Al3+,1.17,2.02,0.885,1.36,0.675,1.61,-0.0028001990000003476
Na1+,Rh3+,As5+,1.16,0.93,0.805,2.28,0.6,2.18,-0.28603150631250074
Sm3+,In3+,Ga3+,1.0979999999999999,1.17,0.94,1.78,0.76,1.81,-0.06342523278124972
Tb3+,Dy3+,Ga3+,1.063,1.1,1.052,1.22,0.76,1.81,-0.012767445406250744
Er3+,Rh3+,Al3+,1.03,1.24,0.805,2.28,0.675,1.61,-0.011509253843750145
Na1+,Ga3+,P5+,1.16,0.93,0.76,1.81,0.52,2.19,-0.383377492124999
Tm3+,Rh3+,Al3+,1.02,1.25,0.805,2.28,0.675,1.61,-0.0067542386562500665
Sm3+,Y3+,Ga3+,1.0979999999999999,1.17,1.04,1.22,0.76,1.81,-0.041481157843749374
Gd3+,Y3+,Ga3+,1.075,1.2,1.04,1.22,0.76,1.81,-0.020038019781250683
Sm3+,Ho3+,Al3+,1.0979999999999999,1.17,1.041,1.23,0.675,1.61,-0.0283654423437504
Ba2+,In3+,Ti4+,1.49,0.89,0.94,1.78,0.745,1.54,-0.1876948235624994
Y3+,Y3+,Ga3+,1.04,1.22,1.04,1.22,0.76,1.81,-0.003289006374999559
Gd3+,Y3+,Al3+,1.075,1.2,1.04,1.22,0.675,1.61,-0.0027769342812497657
Tm3+,Ho3+,Al3+,1.02,1.25,1.041,1.23,0.675,1.61,0.03202032496874878
Cd2+,In3+,Ti4+,1.09,1.69,0.94,1.78,0.745,1.54,0.00981580231250021
Eu3+,Dy3+,Ga3+,1.087,1.2,1.052,1.22,0.76,1.81,-0.012997485328124725
Eu3+,Y3+,Ga3+,1.087,1.2,1.04,1.22,0.76,1.81,-0.012623900453125714
Mg2+,Ho3+,Si4+,0.86,1.31,1.041,1.23,0.54,1.9,0.0945048153750001
Mg2+,Rh3+,Ti4+,0.86,1.31,0.805,2.28,0.745,1.54,0.08809206212500129
Eu3+,Y3+,Al3+,1.087,1.2,1.04,1.22,0.675,1.61,0.004597263046874645
La3+,Rh3+,Al3+,1.172,1.1,0.805,2.28,0.675,1.61,-0.019844716749999946
Tm3+,Sc3+,Ga3+,1.02,1.25,0.885,1.36,0.76,1.81,-0.029204690593750728
Ba2+,Er3+,Ti4+,1.49,0.89,1.03,1.24,0.745,1.54,-0.2193509923124985
Sr2+,In3+,Si4+,1.32,0.95,0.94,1.78,0.54,1.9,-0.14982791218750008
Mg2+,In3+,Si4+,0.86,1.31,0.94,1.78,0.54,1.9,0.06849839431250046
Pr3+,Sc3+,Al3+,1.13,1.13,0.885,1.36,0.675,1.61,-0.06905266918750108
Sr2+,Ho3+,Sn4+,1.32,0.95,1.041,1.23,0.83,1.96,-0.06974658725000075
Er3+,Cr3+,Al3+,1.03,1.24,0.755,1.66,0.675,1.61,-0.05099795621875032
Sr2+,Rh3+,Si4+,1.32,0.95,0.805,2.28,0.54,1.9,-0.11024476700000108
Dy3+,In3+,Ga3+,1.052,1.22,0.94,1.78,0.76,1.81,-0.03558202531249961
Pr3+,In3+,Al3+,1.13,1.13,0.94,1.78,0.675,1.61,-0.05029247156250136
Ca2+,Cr3+,Ti4+,1.14,1.0,0.755,1.66,0.745,1.54,-0.1360178627499991
Dy3+,In3+,Al3+,1.052,1.22,0.94,1.78,0.675,1.61,-0.018315858937499742
Ho3+,Er3+,Ga3+,1.041,1.23,1.03,1.24,0.76,1.81,-0.005668796625000283
Mg2+,Y3+,Ge4+,0.86,1.31,1.04,1.22,0.67,2.01,0.06661577987500067
Ca2+,Cr3+,Si4+,1.14,1.0,0.755,1.66,0.54,1.9,-0.14310114524999945
Sm3+,Ho3+,Ga3+,1.0979999999999999,1.17,1.041,1.23,0.76,1.81,-0.04732959559375018
Ba2+,In3+,Sn4+,1.49,0.89,0.94,1.78,0.83,1.96,-0.05989926431249977
Zn2+,Y3+,Sn4+,0.88,1.65,1.04,1.22,0.83,1.96,0.3493843746250004
Dy3+,Er3+,Al3+,1.052,1.22,1.03,1.24,0.675,1.61,-0.0017784991874997048
Na1+,Y3+,As5+,1.16,0.93,1.04,1.22,0.6,2.18,-0.3727082351875005
Zn2+,Ga3+,Si4+,0.88,1.65,0.76,1.81,0.54,1.9,0.10577325287500017
Ba2+,Tm3+,Sn4+,1.49,0.89,1.02,1.25,0.83,1.96,-0.09136345206249992
Na1+,Er3+,P5+,1.16,0.93,1.03,1.24,0.52,2.19,-0.4749942963124994
La3+,Er3+,Ga3+,1.172,1.1,1.03,1.24,0.76,1.81,-0.06948727456250055
Ba2+,Ho3+,Si4+,1.49,0.89,1.041,1.23,0.54,1.9,-0.15742286162499966
Sr2+,Al3+,Si4+,1.32,0.95,0.675,1.61,0.54,1.9,-0.10105994075000027
Zn2+,Sc3+,Ge4+,0.88,1.65,0.885,1.36,0.67,2.01,0.0885232118125007
Cd2+,In3+,Ge4+,1.09,1.69,0.94,1.78,0.67,2.01,-0.07181761431249996
Na1+,Rh3+,P5+,1.16,0.93,0.805,2.28,0.52,2.19,-0.36331594749999996
Ho3+,Ho3+,Ga3+,1.041,1.23,1.041,1.23,0.76,1.81,0.000278228937499847
Gd3+,Dy3+,Al3+,1.075,1.2,1.052,1.22,0.675,1.61,-0.003467381656250268
Zn2+,Ho3+,Sn4+,0.88,1.65,1.041,1.23,0.83,1.96,0.34493489387500026
Ba2+,Tm3+,Ti4+,1.49,0.89,1.02,1.25,0.745,1.54,-0.21822763081249974
Na1+,Cr3+,As5+,1.16,0.93,0.755,1.66,0.6,2.18,-0.3273286289375001
Cd2+,Er3+,Ge4+,1.09,1.69,1.03,1.24,0.67,2.01,-0.0679706679375002
Sm3+,Rh3+,Ga3+,1.0979999999999999,1.17,0.805,2.28,0.76,1.81,-0.054700031593749546
Mg2+,Dy3+,Ge4+,0.86,1.31,1.052,1.22,0.67,2.01,0.06610419537500078
Ba2+,Sc3+,Si4+,1.49,0.89,0.885,1.36,0.54,1.9,-0.12082889793749914
Nd3+,In3+,Ga3+,1.123,1.14,0.94,1.78,0.76,1.81,-0.07295140250000003
Cd2+,Y3+,Si4+,1.09,1.69,1.04,1.22,0.54,1.9,-0.008240524000000703
Cd2+,Cr3+,Sn4+,1.09,1.69,0.755,1.66,0.83,1.96,0.10317405150000063
Mg2+,Al3+,Si4+,0.86,1.31,0.675,1.61,0.54,1.9,-0.019719765624999042
Cd2+,Dy3+,Si4+,1.09,1.69,1.052,1.22,0.54,1.9,-0.008961495375000083
Sr2+,Ga3+,Si4+,1.32,0.95,0.76,1.81,0.54,1.9,-0.10643859862500023
Sr2+,Rh3+,Sn4+,1.32,0.95,0.805,2.28,0.83,1.96,-0.006735335875000104
Cd2+,Tm3+,Ge4+,1.09,1.69,1.02,1.25,0.67,2.01,-0.07211381443749972
Er3+,Er3+,Ga3+,1.03,1.24,1.03,1.24,0.76,1.81,0.0033658743437499083
Ca2+,Dy3+,Si4+,1.14,1.0,1.052,1.22,0.54,1.9,-0.12055368562500064
Sr2+,Ho3+,Ti4+,1.32,0.95,1.041,1.23,0.745,1.54,-0.20366736050000042
Cd2+,Y3+,Ge4+,1.09,1.69,1.04,1.22,0.67,2.01,-0.060507649250000385
Ca2+,Dy3+,Ge4+,1.14,1.0,1.052,1.22,0.67,2.01,-0.16668045337500031
Bi3+,Rh3+,Ga3+,1.17,2.02,0.805,2.28,0.76,1.81,-0.006582684687499807
Sm3+,Er3+,Ga3+,1.0979999999999999,1.17,1.03,1.24,0.76,1.81,-0.051896732156249924
Ho3+,In3+,Ga3+,1.041,1.23,0.94,1.78,0.76,1.81,-0.027782465500000342
Er3+,Ho3+,Ga3+,1.03,1.24,1.041,1.23,0.76,1.81,0.009674446781249912
Tm3+,Al3+,Ga3+,1.02,1.25,0.675,1.61,0.76,1.81,-0.048684837281250636
Ca2+,Ho3+,Si4+,1.14,1.0,1.041,1.23,0.54,1.9,-0.12500132375000064
Er3+,In3+,Ga3+,1.03,1.24,0.94,1.78,0.76,1.81,-0.020808878281250286
Mg2+,Sc3+,Si4+,0.86,1.31,0.885,1.36,0.54,1.9,0.03681055593750031
Tm3+,Cr3+,Al3+,1.02,1.25,0.755,1.66,0.675,1.61,-0.04677715690624993
Ca2+,Tm3+,Ti4+,1.14,1.0,1.02,1.25,0.745,1.54,-0.1352347421874988
Ba2+,Ga3+,Ge4+,1.49,0.89,0.76,1.81,0.67,2.01,-0.09989537324999986
Er3+,Y3+,Ga3+,1.03,1.24,1.04,1.22,0.76,1.81,0.01729071540625
Na1+,In3+,P5+,1.16,0.93,0.94,1.78,0.52,2.19,-0.41936356881250064
Y3+,Cr3+,Al3+,1.04,1.22,0.755,1.66,0.675,1.61,-0.05652576612500013
Mg2+,Er3+,Ti4+,0.86,1.31,1.03,1.24,0.745,1.54,0.1247431455625005
Mg2+,Lu3+,Ge4+,0.86,1.31,1.001,1.27,0.67,2.01,0.034782591187500954
Sm3+,Ga3+,Ga3+,1.0979999999999999,1.17,0.76,1.81,0.76,1.81,-0.0673988032187502
Sm3+,Lu3+,Ga3+,1.0979999999999999,1.17,1.001,1.27,0.76,1.81,-0.06523243265624892
Mg2+,Y3+,Sn4+,0.86,1.31,1.04,1.22,0.83,1.96,0.2802661368750005
Lu3+,Sc3+,Al3+,1.001,1.27,0.885,1.36,0.675,1.61,-0.0085404337812502
La3+,Lu3+,Al3+,1.172,1.1,1.001,1.27,0.675,1.61,-0.05320700693749991
Y3+,Dy3+,Al3+,1.04,1.22,1.052,1.22,0.675,1.61,0.010456362500000437
Tm3+,Lu3+,Al3+,1.02,1.25,1.001,1.27,0.675,1.61,0.005091102031249406
Zn2+,Al3+,Si4+,0.88,1.65,0.675,1.61,0.54,1.9,0.07063228975000087
Tm3+,Dy3+,Al3+,1.02,1.25,1.052,1.22,0.675,1.61,0.03987288034374927
Bi3+,Cr3+,Ga3+,1.17,2.02,0.755,1.66,0.76,1.81,-0.030482893312500182
Lu3+,Ho3+,Ga3+,1.001,1.27,1.041,1.23,0.76,1.81,0.042701972906250066
Lu3+,Y3+,Ga3+,1.001,1.27,1.04,1.22,0.76,1.81,0.051079156656251
Tm3+,Cr3+,Ga3+,1.02,1.25,0.755,1.66,0.76,1.81,-0.05464352028125034
Na1+,Sc3+,As5+,1.16,0.93,0.885,1.36,0.6,2.18,-0.35783433399999964
La3+,Ga3+,Al3+,1.172,1.1,0.76,1.81,0.675,1.61,-0.0224076740000001
La3+,Ho3+,Ga3+,1.172,1.1,1.041,1.23,0.76,1.81,-0.0662347973750002
Bi3+,Lu3+,Al3+,1.17,2.02,1.001,1.27,0.675,1.61,0.004551490499999389
Eu3+,Al3+,Ga3+,1.087,1.2,0.675,1.61,0.76,1.81,-0.03248337420312488
Y3+,Er3+,Al3+,1.04,1.22,1.03,1.24,0.675,1.61,-0.0023355036875003067
Ho3+,Tm3+,Al3+,1.041,1.23,1.02,1.25,0.675,1.61,-0.0011923721250006736
Mg2+,Lu3+,Ti4+,0.86,1.31,1.001,1.27,0.745,1.54,0.11075352493750046
La3+,Cr3+,Ga3+,1.172,1.1,0.755,1.66,0.76,1.81,-0.07614231849999982
Lu3+,Er3+,Ga3+,1.001,1.27,1.03,1.24,0.76,1.81,0.03581775084374996
Lu3+,Rh3+,Al3+,1.001,1.27,0.805,2.28,0.675,1.61,0.003831936406250236
Yb3+,Ho3+,Al3+,1.008,1.1,1.041,1.23,0.675,1.61,-0.1668572164375
Lu3+,Y3+,Al3+,1.001,1.27,1.04,1.22,0.675,1.61,0.06065332803125045
Dy3+,Dy3+,Al3+,1.052,1.22,1.052,1.22,0.675,1.61,0.01109836924999925
Nd3+,Sc3+,Ga3+,1.123,1.14,0.885,1.36,0.76,1.81,-0.0884372947500001
Sm3+,Lu3+,Al3+,1.0979999999999999,1.17,1.001,1.27,0.675,1.61,-0.04787500665625011
Dy3+,Rh3+,Al3+,1.052,1.22,0.805,2.28,0.675,1.61,-0.019003727750000365
Dy3+,Lu3+,Ga3+,1.052,1.22,1.001,1.27,0.76,1.81,-0.03149614381249925
Yb3+,Ho3+,Ga3+,1.008,1.1,1.041,1.23,0.76,1.81,-0.17788906006250044
Ca2+,Yb3+,Ti4+,1.14,1.0,1.008,1.1,0.745,1.54,-0.23493288174999877
Zn2+,Al3+,Ge4+,0.88,1.65,0.675,1.61,0.67,2.01,0.04107998725000037
Ca2+,Y3+,Sn4+,1.14,1.0,1.04,1.22,0.83,1.96,0.016967629750000057
Ca2+,Er3+,Si4+,1.14,1.0,1.03,1.24,0.54,1.9,-0.1288670974375002
Yb3+,In3+,Al3+,1.008,1.1,0.94,1.78,0.675,1.61,-0.1817225129999997
Gd3+,Ga3+,Ga3+,1.075,1.2,0.76,1.81,0.76,1.81,-0.05309965503125014
Sm3+,Yb3+,Ga3+,1.0979999999999999,1.17,1.008,1.1,0.76,1.81,-0.16061217859374963
Sr2+,Lu3+,Ti4+,1.32,0.95,1.001,1.27,0.745,1.54,-0.20710342306250026
Sr2+,Lu3+,Ge4+,1.32,0.95,1.001,1.27,0.67,2.01,-0.23552982093750038
Ca2+,Yb3+,Si4+,1.14,1.0,1.008,1.1,0.54,1.9,-0.23776696037500072
Lu3+,Lu3+,Al3+,1.001,1.27,1.001,1.27,0.675,1.61,0.022998304468750064
Ba2+,Cr3+,Sn4+,1.49,0.89,0.755,1.66,0.83,1.96,-0.013788516124999362
Nd3+,Al3+,Ga3+,1.123,1.14,0.675,1.61,0.76,1.81,-0.06901489831249955
Dy3+,Lu3+,Al3+,1.052,1.22,1.001,1.27,0.675,1.61,-0.020020339937500253
Dy3+,Yb3+,Al3+,1.052,1.22,1.008,1.1,0.675,1.61,-0.10980526662499983
Cd2+,Lu3+,Ti4+,1.09,1.69,1.001,1.27,0.745,1.54,0.0005141778125008045
Yb3+,Ga3+,Al3+,1.008,1.1,0.76,1.81,0.675,1.61,-0.20054040431249973
Ba2+,Ho3+,Sn4+,1.49,0.89,1.041,1.23,0.83,1.96,-0.09508498174999964
Nd3+,Lu3+,Al3+,1.123,1.14,1.001,1.27,0.675,1.61,-0.056997987374999684
Er3+,Lu3+,Ga3+,1.03,1.24,1.001,1.27,0.76,1.81,-0.014212805156249075
Na1+,Lu3+,As5+,1.16,0.93,1.001,1.27,0.6,2.18,-0.3743643583750007
Zn2+,Lu3+,Ge4+,0.88,1.65,1.001,1.27,0.67,2.01,0.10970972956250016
Ho3+,In3+,Al3+,1.041,1.23,0.94,1.78,0.675,1.61,-0.011797170125000634
Gd3+,Dy3+,Ga3+,1.075,1.2,1.052,1.22,0.76,1.81,-0.02062676265625001
Y3+,Lu3+,Ga3+,1.04,1.22,1.001,1.27,0.76,1.81,-0.030122501562499692
Ba2+,Yb3+,Si4+,1.49,0.89,1.008,1.1,0.54,1.9,-0.2773806507500005
Yb3+,Al3+,Al3+,1.008,1.1,0.675,1.61,0.675,1.61,-0.21420046418749977
Ca2+,Yb3+,Ge4+,1.14,1.0,1.008,1.1,0.67,2.01,-0.27972184012499995
Cd2+,Lu3+,Sn4+,1.09,1.69,1.001,1.27,0.83,1.96,0.11328764356250076
Ca2+,Lu3+,Ti4+,1.14,1.0,1.001,1.27,0.745,1.54,-0.13913310381249885
Tm3+,Yb3+,Al3+,1.02,1.25,1.008,1.1,0.675,1.61,-0.08128510815625134
Cd2+,Al3+,Ge4+,1.09,1.69,0.675,1.61,0.67,2.01,-0.0781029496249996
Er3+,Rh3+,Ga3+,1.03,1.24,0.805,2.28,0.76,1.81,-0.031372454968749255
Yb3+,Lu3+,Ga3+,1.008,1.1,1.001,1.27,0.76,1.81,-0.1941397128749994
Mg2+,Lu3+,Si4+,0.86,1.31,1.001,1.27,0.54,1.9,0.06667317906250006
Yb3+,Rh3+,Al3+,1.008,1.1,0.805,2.28,0.675,1.61,-0.24808395693750002
Pr3+,Y3+,Al3+,1.13,1.13,1.04,1.22,0.675,1.61,-0.039806612250000484
Pr3+,Lu3+,Ga3+,1.13,1.13,1.001,1.27,0.76,1.81,-0.08320421543749994
Y3+,Ga3+,Ga3+,1.04,1.22,0.76,1.81,0.76,1.81,-0.05167376375000003
Y3+,Ga3+,Al3+,1.04,1.22,0.76,1.81,0.675,1.61,-0.03797249624999992
Nd3+,Yb3+,Ga3+,1.123,1.14,1.008,1.1,0.76,1.81,-0.17160971718750062
Sr2+,Yb3+,Si4+,1.32,0.95,1.008,1.1,0.54,1.9,-0.28961229162500074
Nd3+,Yb3+,Al3+,1.123,1.14,1.008,1.1,0.675,1.61,-0.15001215943750096
Bi3+,Lu3+,Ga3+,1.17,2.02,1.001,1.27,0.76,1.81,-0.017111041624999147
Bi3+,Yb3+,Al3+,1.17,2.02,1.008,1.1,0.675,1.61,-0.09257005268749978
Cd2+,Lu3+,Si4+,1.09,1.69,1.001,1.27,0.54,1.9,-0.027871600312500532
Zn2+,In3+,Sn4+,0.88,1.65,0.94,1.78,0.83,1.96,0.30625492493749995
Lu3+,Tm3+,Al3+,1.001,1.27,1.02,1.25,0.675,1.61,0.03510728984375007
Pr3+,Yb3+,Ga3+,1.13,1.13,1.008,1.1,0.76,1.81,-0.1806574361250007
Sr2+,Y3+,Ti4+,1.32,0.95,1.04,1.22,0.745,1.54,-0.2024929491249992
Lu3+,Sc3+,Ga3+,1.001,1.27,0.885,1.36,0.76,1.81,-0.012039821781249672
Na1+,Yb3+,P5+,1.16,0.93,1.008,1.1,0.52,2.19,-0.589409958625
Cd2+,Lu3+,Ge4+,1.09,1.69,1.001,1.27,0.67,2.01,-0.07789358043749992
Tb3+,Lu3+,Ga3+,1.063,1.1,1.001,1.27,0.76,1.81,-0.03958389721875015
Bi3+,Er3+,Ga3+,1.17,2.02,1.03,1.24,0.76,1.81,-0.007194668000000348
Zn2+,Lu3+,Ti4+,0.88,1.65,1.001,1.27,0.745,1.54,0.19576016881250097
Lu3+,Ga3+,Al3+,1.001,1.27,0.76,1.81,0.675,1.61,-0.018136856093749286
Lu3+,Er3+,Al3+,1.001,1.27,1.03,1.24,0.675,1.61,0.043908678968750794
Yb3+,Yb3+,Al3+,1.008,1.1,1.008,1.1,0.675,1.61,-0.29581643018750015
Tb3+,Rh3+,Ga3+,1.063,1.1,0.805,2.28,0.76,1.81,-0.04469414553124977
Zn2+,Cr3+,Ti4+,0.88,1.65,0.755,1.66,0.745,1.54,0.1518286453750008
Eu3+,Lu3+,Ga3+,1.087,1.2,1.001,1.27,0.76,1.81,-0.03184734451562541
Sr2+,Al3+,Sn4+,1.32,0.95,0.675,1.61,0.83,1.96,-0.005760943624999726
Yb3+,Y3+,Al3+,1.008,1.1,1.04,1.22,0.675,1.61,-0.15935332531249954
Gd3+,Lu3+,Ga3+,1.075,1.2,1.001,1.27,0.76,1.81,-0.045282656468749495
Lu3+,Yb3+,Ga3+,1.001,1.27,1.008,1.1,0.76,1.81,-0.07517779446874898
Ca2+,Lu3+,Sn4+,1.14,1.0,1.001,1.27,0.83,1.96,0.00401719068750026
Mg2+,Yb3+,Sn4+,0.86,1.31,1.008,1.1,0.83,1.96,0.1631709393750004
Lu3+,Ho3+,Al3+,1.001,1.27,1.041,1.23,0.675,1.61,0.0512766864062499
Bi3+,Ga3+,Ga3+,1.17,2.02,0.76,1.81,0.76,1.81,-0.014399158062499851
Lu3+,Yb3+,Al3+,1.001,1.27,1.008,1.1,0.675,1.61,-0.06420482009375021
Yb3+,Lu3+,Al3+,1.008,1.1,1.001,1.27,0.675,1.61,-0.18449223649999916
Ho3+,Yb3+,Ga3+,1.041,1.23,1.008,1.1,0.76,1.81,-0.11511400581249945
Ca2+,Er3+,Ti4+,1.14,1.0,1.03,1.24,0.745,1.54,-0.13209750531249967
Na1+,Yb3+,As5+,1.16,0.93,1.008,1.1,0.6,2.18,-0.48264898918749993
Ho3+,Y3+,Ga3+,1.041,1.23,1.04,1.22,0.76,1.81,0.007789705062500474
Zn2+,Yb3+,Ti4+,0.88,1.65,1.008,1.1,0.745,1.54,0.10716712500000014
Sr2+,Yb3+,Ti4+,1.32,0.95,1.008,1.1,0.745,1.54,-0.30924161874999995
Mg2+,Yb3+,Ti4+,0.86,1.31,1.008,1.1,0.745,1.54,0.015948447000000244
Lu3+,Cr3+,Al3+,1.001,1.27,0.755,1.66,0.675,1.61,-0.035971266718749464
Ho3+,Lu3+,Al3+,1.041,1.23,1.001,1.27,0.675,1.61,-0.012252583750000313
Lu3+,Dy3+,Ga3+,1.001,1.27,1.052,1.22,0.76,1.81,0.05013607378125044
Lu3+,Rh3+,Ga3+,1.001,1.27,0.805,2.28,0.76,1.81,-0.013826224843749202
Yb3+,Y3+,Ga3+,1.008,1.1,1.04,1.22,0.76,1.81,-0.17030212456249955
Dy3+,Y3+,Al3+,1.052,1.22,1.04,1.22,0.675,1.61,0.012057033875000655
Ho3+,Ga3+,Ga3+,1.041,1.23,0.76,1.81,0.76,1.81,-0.04849566831250059
Yb3+,Tm3+,Ga3+,1.008,1.1,1.02,1.25,0.76,1.81,-0.18773984975000033
La3+,Lu3+,Ga3+,1.172,1.1,1.001,1.27,0.76,1.81,-0.07871853906249945
Y3+,Lu3+,Al3+,1.04,1.22,1.001,1.27,0.675,1.61,-0.01980097181250038
Tb3+,Yb3+,Al3+,1.063,1.1,1.008,1.1,0.675,1.61,-0.11736201778125092
Y3+,Yb3+,Al3+,1.04,1.22,1.008,1.1,0.675,1.61,-0.10992592787500044
Cd2+,Yb3+,Ti4+,1.09,1.69,1.008,1.1,0.745,1.54,-0.09610397462499876
Lu3+,Dy3+,Al3+,1.001,1.27,1.052,1.22,0.675,1.61,0.059521029156250196
Nd3+,Lu3+,Ga3+,1.123,1.14,1.001,1.27,0.76,1.81,-0.0777890471249993
Lu3+,Lu3+,Ga3+,1.001,1.27,1.001,1.27,0.76,1.81,0.01671548696875007
Ca2+,Ga3+,Ti4+,1.14,1.0,0.76,1.81,0.745,1.54,-0.11436326024999985
Yb3+,Er3+,Ga3+,1.008,1.1,1.03,1.24,0.76,1.81,-0.18212364437499956
Yb3+,Al3+,Ga3+,1.008,1.1,0.675,1.61,0.76,1.81,-0.22246841443749937
Nd3+,Rh3+,Al3+,1.123,1.14,0.805,2.28,0.675,1.61,-0.029849230937500693
Ca2+,Lu3+,Ge4+,1.14,1.0,1.001,1.27,0.67,2.01,-0.1839857095624989
Ba2+,Yb3+,Ge4+,1.49,0.89,1.008,1.1,0.67,2.01,-0.3440689425000002
Mg2+,Ga3+,Si4+,0.86,1.31,0.76,1.81,0.54,1.9,0.016982429124999497
Tb3+,Yb3+,Ga3+,1.063,1.1,1.008,1.1,0.76,1.81,-0.13364888603125066
Zn2+,Ga3+,Ti4+,0.88,1.65,0.76,1.81,0.745,1.54,0.17092722975000002
Eu3+,Al3+,Al3+,1.087,1.2,0.675,1.61,0.675,1.61,-0.01694090207812522
Pr3+,Yb3+,Al3+,1.13,1.13,1.008,1.1,0.675,1.61,-0.15604650550000088
Gd3+,In3+,Al3+,1.075,1.2,0.94,1.78,0.675,1.61,-0.02452237859375117
Ho3+,Lu3+,Ga3+,1.041,1.23,1.001,1.27,0.76,1.81,-0.022580685250000343
Lu3+,In3+,Ga3+,1.001,1.27,0.94,1.78,0.76,1.81,0.005728620218749825
Bi3+,Yb3+,Ga3+,1.17,2.02,1.008,1.1,0.76,1.81,-0.11877207393750026
Na1+,Lu3+,P5+,1.16,0.93,1.001,1.27,0.52,2.19,-0.4765717028124996
Ho3+,Yb3+,Al3+,1.041,1.23,1.008,1.1,0.675,1.61,-0.10151573143750099
Ba2+,Yb3+,Sn4+,1.49,0.89,1.008,1.1,0.83,1.96,-0.19682195262499996
Ba2+,Yb3+,Ti4+,1.49,0.89,1.008,1.1,0.745,1.54,-6.568143895749999
Dy3+,Al3+,Al3+,1.052,1.22,0.675,1.61,0.675,1.61,-0.05368180999999979
Pr3+,Tm3+,Ga3+,1.13,1.13,1.02,1.25,0.76,1.81,-0.07715495668750023
Er3+,Lu3+,Al3+,1.03,1.24,1.001,1.27,0.675,1.61,-0.004701029281250513
Yb3+,Sc3+,Al3+,1.008,1.1,0.885,1.36,0.675,1.61,-0.2039537562500005
Ba2+,Lu3+,Si4+,1.49,0.89,1.001,1.27,0.54,1.9,-0.15031943881249887
Zn2+,Yb3+,Ge4+,0.88,1.65,1.008,1.1,0.67,2.01,0.021545051875000353
Ba2+,Lu3+,Ge4+,1.49,0.89,1.001,1.27,0.67,2.01,-0.2196009296874994
Sr2+,Lu3+,Si4+,1.32,0.95,1.001,1.27,0.54,1.9,-0.17896065918750068
Mg2+,Yb3+,Ge4+,0.86,1.31,1.008,1.1,0.67,2.01,-0.05304476049999991
Gd3+,Lu3+,Al3+,1.075,1.2,1.001,1.27,0.675,1.61,-0.030512958468749574
Tb3+,Lu3+,Al3+,1.063,1.1,1.001,1.27,0.675,1.61,-0.027504287593750475
Zn2+,Lu3+,Sn4+,0.88,1.65,1.001,1.27,0.83,1.96,0.3273517846875002
Er3+,Al3+,Al3+,1.03,1.24,0.675,1.61,0.675,1.61,-0.049174795718749206
Yb3+,Cr3+,Ga3+,1.008,1.1,0.755,1.66,0.76,1.81,-0.2321904849374988
Ca2+,Yb3+,Sn4+,1.14,1.0,1.008,1.1,0.83,1.96,-0.09235310987500008
Zn2+,Al3+,Ti4+,0.88,1.65,0.675,1.61,0.745,1.54,0.15562409837500155
Bi3+,Al3+,Al3+,1.17,2.02,0.675,1.61,0.675,1.61,0.0071940353125000914
Eu3+,Ga3+,Ga3+,1.087,1.2,0.76,1.81,0.76,1.81,-0.028478804953125093
Sr2+,Lu3+,Sn4+,1.32,0.95,1.001,1.27,0.83,1.96,-0.07327088206250068
Cd2+,Yb3+,Sn4+,1.09,1.69,1.008,1.1,0.83,1.96,0.022183551624999964
Yb3+,Yb3+,Ga3+,1.008,1.1,1.008,1.1,0.76,1.81,-0.3116374763124995
Mg2+,Yb3+,Si4+,0.86,1.31,1.008,1.1,0.54,1.9,-0.01974589662499966
Tm3+,In3+,Ga3+,1.02,1.25,0.94,1.78,0.76,1.81,-0.011448557718750151
Yb3+,Rh3+,Ga3+,1.008,1.1,0.805,2.28,0.76,1.81,-0.24156229606249938
Lu3+,Cr3+,Ga3+,1.001,1.27,0.755,1.66,0.76,1.81,-0.04168024084374977
Dy3+,Yb3+,Ga3+,1.052,1.22,1.008,1.1,0.76,1.81,-0.12503756462499993
Ba2+,Al3+,Ti4+,1.49,0.89,0.675,1.61,0.745,1.54,-0.09286365224999997
Yb3+,Tm3+,Al3+,1.008,1.1,1.02,1.25,0.675,1.61,-0.17655718062499942
Pr3+,Lu3+,Al3+,1.13,1.13,1.001,1.27,0.675,1.61,-0.06022714506250004
Yb3+,Ga3+,Ga3+,1.008,1.1,0.76,1.81,0.76,1.81,-0.21423730106250005
Tm3+,Lu3+,Ga3+,1.02,1.25,1.001,1.27,0.76,1.81,-0.003135909718750085
Zn2+,Lu3+,Si4+,0.88,1.65,1.001,1.27,0.54,1.9,0.1487926154374996
Ca2+,Al3+,Ge4+,1.14,1.0,0.675,1.61,0.67,2.01,-0.17196892462500024
Sr2+,Yb3+,Sn4+,1.32,0.95,1.008,1.1,0.83,1.96,-0.17409711399999955
Sm3+,Yb3+,Al3+,1.0979999999999999,1.17,1.008,1.1,0.675,1.61,-0.13875625471874997
Mg2+,Lu3+,Sn4+,0.86,1.31,1.001,1.27,0.83,1.96,0.25664335243750147
Ca2+,Lu3+,Si4+,1.14,1.0,1.001,1.27,0.54,1.9,-0.1403032464374995
Cd2+,Yb3+,Ge4+,1.09,1.69,1.008,1.1,0.67,2.01,-0.17354517212500015
Zn2+,Rh3+,Sn4+,0.88,1.65,0.805,2.28,0.83,1.96,0.2767354402500001
Tm3+,Yb3+,Ga3+,1.02,1.25,1.008,1.1,0.76,1.81,-0.09109798115625053
Lu3+,Tm3+,Ga3+,1.001,1.27,1.02,1.25,0.76,1.81,0.027926874718750126
Zn2+,Yb3+,Si4+,0.88,1.65,1.008,1.1,0.54,1.9,0.06165682224999998
Yb3+,Dy3+,Ga3+,1.008,1.1,1.052,1.22,0.76,1.81,-0.17403999981249924
Yb3+,In3+,Ga3+,1.008,1.1,0.94,1.78,0.76,1.81,-0.2015218448749998
Bi3+,Al3+,Ga3+,1.17,2.02,0.675,1.61,0.76,1.81,-0.012150484687500195
Zn2+,Yb3+,Sn4+,0.88,1.65,1.008,1.1,0.83,1.96,0.2317092263750002
Y3+,Yb3+,Ga3+,1.04,1.22,1.008,1.1,0.76,1.81,-0.12531077950000052
Ba2+,Lu3+,Ti4+,1.49,0.89,1.001,1.27,0.745,1.54,-0.21431511431249817
Er3+,Yb3+,Al3+,1.03,1.24,1.008,1.1,0.675,1.61,-0.09338019821875036
Ho3+,Al3+,Al3+,1.041,1.23,0.675,1.61,0.675,1.61,-0.0512223720625002
Yb3+,Sc3+,Ga3+,1.008,1.1,0.885,1.36,0.76,1.81,-0.21219829962499936
Sr2+,In3+,Sn4+,1.32,0.95,0.94,1.78,0.83,1.96,-0.05500721406250016
Sr2+,Yb3+,Ge4+,1.32,0.95,1.008,1.1,0.67,2.01,-0.33013502162500075
Cd2+,Yb3+,Si4+,1.09,1.69,1.008,1.1,0.54,1.9,-0.1195780546249999
